id;name;grade;passed;linted_on
1;Engineer initiatives Keys;indigo redefine;false;2021-07-28T23:11:42
2;Wisconsin systemic Granite;indexing wireless;false;2021-07-28T18:12:40
3;Avenue Cheese withdrawal;Synergized invoice Mall;true;2021-07-28T23:00:15
4;orange Games Pound;Market;false;2021-07-28T18:39:03
5;Global;Plastic;false;2021-07-29T08:14:28
6;microchip Kids;Salad Producer;true;2021-07-28T17:46:37
7;Manat Vermont;Investor Connecticut;false;2021-07-28T16:07:39
8;contextually-based aggregate;South;false;2021-07-29T02:42:38
9;withdrawal;hacking Investment Cayman;false;2021-07-28T11:46:08
10;Clothing UAE input;Estates;true;2021-07-29T08:17:40
