id;jhi_key;name;jhi_order;content;created_on;created_by;hide;jira_project_id;portal_id
1;Steel;Assistant;57374;../fake-data/blob/hipster.txt;2021-07-28T13:00:48;support navigate;true;Computer Legacy deposit;1
2;THX Car;Soap withdrawal;40879;../fake-data/blob/hipster.txt;2021-07-28T15:38:10;partnerships Infrastructure;true;compressing withdrawal green;2
3;Bedfordshire Lao neutral;Bike;78661;../fake-data/blob/hipster.txt;2021-07-29T04:27:04;Oklahoma;false;throughput;3
4;Data distributed;auxiliary;90726;../fake-data/blob/hipster.txt;2021-07-28T11:46:30;Personal Steel;false;intangible Prairie;4
5;invoice;Bike Shoes Center;20319;../fake-data/blob/hipster.txt;2021-07-29T02:04:02;pixel methodical quantifying;true;Consultant online;5
6;project hacking efficient;mobile metrics;95618;../fake-data/blob/hipster.txt;2021-07-29T03:44:33;wireless sticky Harbors;false;Massachusetts Ergonomic Ergonomic;6
7;Handcrafted;relationships;78668;../fake-data/blob/hipster.txt;2021-07-29T04:39:49;National;true;Associate Chicken;7
8;Usability multi-byte;Kids IB;52857;../fake-data/blob/hipster.txt;2021-07-28T19:11:16;Executive;false;Taka;8
9;wireless Practical Solutions;International Square;59473;../fake-data/blob/hipster.txt;2021-07-29T06:58:55;Coordinator Sausages;false;Administrator CFA;9
10;Colombian B2C;bypassing Gateway Virtual;94512;../fake-data/blob/hipster.txt;2021-07-28T14:04:45;Borders Pula;true;Soft;10
