id;name;contents
1;navigating;../fake-data/blob/hipster.txt
2;Investment Account;../fake-data/blob/hipster.txt
3;lavender;../fake-data/blob/hipster.txt
4;Associate;../fake-data/blob/hipster.txt
5;digital;../fake-data/blob/hipster.txt
6;Refined facilitate Bermuda;../fake-data/blob/hipster.txt
7;Practical Concrete Chips Customer optical;../fake-data/blob/hipster.txt
8;Practical Cotton Table Optimization;../fake-data/blob/hipster.txt
9;Georgia invoice Nigeria;../fake-data/blob/hipster.txt
10;Steel;../fake-data/blob/hipster.txt
