id;name;title;sub_title;nav_title;content;default_portal_id
1;orchestrate target;revolutionize;Missouri array;circuit blue input;../fake-data/blob/hipster.txt;1
2;Solutions paradigms;Checking Account;multi-byte;markets Checking Account;../fake-data/blob/hipster.txt;2
3;monitor Borders;pixel Cloned;PNG Program Cheese;Architect;../fake-data/blob/hipster.txt;3
4;algorithm;bluetooth Fresh Operations;parsing;Incredible Usability;../fake-data/blob/hipster.txt;4
5;robust;withdrawal solid state human-resource;Tasty;engineer quantifying invoice;../fake-data/blob/hipster.txt;5
6;grey;Future optimize teal;1080p;Island Cambridgeshire Liaison;../fake-data/blob/hipster.txt;6
7;Beauty Small Soft Chicken Communications;Frozen redundant Grass-roots;Engineer Polarised;back up;../fake-data/blob/hipster.txt;7
8;wireless Croatia JSON;primary Kids Qatari Rial;input hacking;Tactics compressing communities;../fake-data/blob/hipster.txt;8
9;attitude neural-net Applications;Shoes;Regional Jewelery;Libyan Arab Jamahiriya deposit Bedfordshire;../fake-data/blob/hipster.txt;9
10;Marketing white Rest;Plastic;composite redundant parse;intermediate bluetooth Handmade Rubber Cheese;../fake-data/blob/hipster.txt;10
