id;name;description
1;Branding Jewelery Plastic;../fake-data/blob/hipster.txt
2;Cheese;../fake-data/blob/hipster.txt
3;project Concrete white;../fake-data/blob/hipster.txt
4;Tasty Granite Keyboard;../fake-data/blob/hipster.txt
5;Grocery SSL;../fake-data/blob/hipster.txt
6;Vermont deposit Games;../fake-data/blob/hipster.txt
7;Steel;../fake-data/blob/hipster.txt
8;Licensed Plastic Soap;../fake-data/blob/hipster.txt
9;regional open system Rustic Frozen Ball;../fake-data/blob/hipster.txt
10;neutral haptic strategize;../fake-data/blob/hipster.txt
